
INSERT INTO identitystore_attribute (key_name, name, description, key_type, certifiable, pivot) VALUES
('family_name', 'Nom de famille de naissance', '', 0, 1, 1),
('preferred_username', 'Nom usuel','', 0, 0, 0),
('first_name', 'Prénoms', 'Prénoms usuels', 0, 1, 1),
('birthdate', 'Date de naissance', 'au format DD/MM/YYYY', 0, 1, 1),
('insee_birthplace_code', 'Code INSEE commune de naissance', '', 0, 1, 1),
('insee_birthcountry_code', 'Code INSEE pays de naissance', '', 0, 1, 1),
('insee_birthplace_label', 'Libellé INSEE commune de naissance', '', 0, 1, 0),
('insee_birthcountry_label', 'Libellé INSEE pays de naissance', '', 0, 1, 0),
('email', 'Email', '', 0, 1, 0),
('email_login', 'Email de connexion', '', 0, 1, 0),
('gender', 'Genre', '0:Non défini /  1:Homme / 2:Femme', 0, 1, 1),
('mobile_phone', 'Téléphone portable', 'Réservé pour l''envoi de SMS', 0, 1, 0),
('fixed_phone', 'Téléphone fixe', '',0, 0, 0),
('address', 'Adresse', '', 0, 1, 0),
('address_complement', 'Complément d''adresse', '', 0, 1, 0),
('address_postal_code','Code postal','Champ d''adresse : code postal',0, 1, 0),
('address_city','Ville','Champ d''adresse : ville',0, 1, 0),
('preferred_contact','Moyen de contact préféré ','',0, 0, 0),
('accepted_cgu','Acceptation des CGU','',0, 0, 0),
('ids_key' , 'ID Store Key' , '' , 0, 1, 0),
('address_billing' , 'Adresse de facturation' , '' , 0, 0, 0),
('address_billing_complement' , 'Complément d''adresse de facturation' , '' , 0, 0, 0),
('address_billing_postal_code' , 'Code postal d''adresse de facturation' , '' , 0, 0, 0),
('address_billing_city' , 'Ville d''adresse de facturation' , '' , 0, 0, 0),
('info_accepted' , 'Accepte les informations de la MDP' , '' , 0, 0, 0),
('survey_accepted' , 'Accepte les enquetes de satisfaction ' , '' , 0, 0, 0),
('fc_given_name' , '(FC) Prénoms' , 'Format Pivot FranceConnect - Liste des prénoms', 0, 0, 0),
('fc_family_name' , '(FC) Nom de naissance' , 'Format Pivot FranceConnect', 0, 0, 0),
('fc_birthdate' , '(FC) Date de naissance' , 'Format Pivot FranceConnect - format YYYY-MM-DD', 0, 0, 0),
('fc_gender' , '(FC) Genre' , 'Format Pivot FranceConnect - male / female', 0, 0, 0),
('fc_birthplace' , '(FC) Lieu de naissance' , 'Format Pivot FranceConnect - Code INSEE du lieu de naissance (ou une chaîne vide si la personne est née à l''étranger)', 0 , 0, 0),
('fc_birthcountry' , '(FC) Pays de naissance' , 'Format Pivot FranceConnect - Code INSEE du pays de naissance' , 0, 0, 0),
('fc_key' , '(FC) Key' , 'Format Pivot FranceConnect - Key' , 0, 0, 0),
('vote_given_name' , '(VOTE) Prénoms' , 'Format VOTE - Liste des prénoms', 0, 0, 0),
('vote_family_name' , '(VOTE) Nom de naissance' , '', 0, 0, 0),
('vote_birthplace' , '(VOTE) Ville de naissance' , '', 0 , 0, 0),
('vote_birthcountry' , '(VOTE) Pays de naissance' , '' , 0, 0, 0),
('vote_birthdate' , '(VOTE) Date de naissance' , '', 0, 0, 0),
('vote_key' , '(VOTE) Key' , 'Format Pivot FranceConnect - Key' , 0, 0, 0);

INSERT INTO identitystore_ref_certification_level(name, description, level) VALUES
('Aucune certification - auto déclaratif', 'Juste une identité sans compte', '100'),
('Données saisies dans les référentiels métier sans justificatifs', 'Une identité issu d''une appli métier dont on ne connait pas la qualité', '200'),
('Données saisies par utilisateur connecté', 'On a un compte associé', '300'),
('Certifiable Agent pièce reproduite (copie de pièce originale)', 'Pièce certifiante copiée sans rencontre de l''usager (à valider par MOA)', '400'),
('Certifiable Agent pièce originale', 'Pièce originale certifiée par l''agent', '500'),
('Données validées par circuit de validation', 'Mail, SMS', '600'),
('Données validées par référentiel de confiance', 'FC, R2P (Tout processus INSEE)', '700');

INSERT INTO identitystore_ref_attribute_certification_processus(label, code) VALUES
('Mon Paris', 'mon_paris'),
('Certifiable PJ', 'pj'),
('Certifiable Agent pièce originales', 'agent'),
('Certifiable Courrier', 'courrier'),
('Certifiable Mail', 'mail'),
('Certifiable SMS', 'sms'),
('Certifiable R2P', 'r2p'),
('Certifiable FC', 'fc');

INSERT INTO identitystore_ref_attribute_certification_level(id_attribute, id_ref_certification_level, id_ref_attribute_certification_processus) VALUES
(1, 3, 1), (3, 3, 1), (4, 3, 1), (8, 3, 1), (10, 3, 1), (11, 3, 1), (13, 3, 1), (14, 3, 1), (15, 3, 1), (16, 3, 1),
(1, 4, 2), (3, 5, 2), (4, 5, 2), (5, 5, 2), (6, 5, 2), (7, 5, 2), (8, 5, 2), (11, 5, 2), (14, 5, 2), (15, 5, 2),  (16, 5, 2),  (17, 5, 2),  (20, 5, 2),
(1, 5, 3), (3, 5, 3), (4, 5, 3), (5, 5, 3), (6, 5, 3), (7, 5, 3), (8, 5, 3), (11, 5, 3), (14, 5, 3), (15, 5, 3),  (16, 5, 3),  (17, 5, 3),  (20, 5, 3),
(14, 6, 4), (15, 6, 4), (16, 6, 4), (17, 6, 4),
(9, 6, 5), (10, 6, 5),
(12, 6, 6),
(1, 7, 7), (3, 7, 7), (4, 7, 7), (5, 7, 7), (6, 7, 7), (7, 7, 7), (8, 7, 7), (11, 7, 7),
(1, 7, 8), (2, 1, 8), (3, 7, 8), (4, 7, 8), (5, 7, 8), (6, 7, 8), (7, 7, 8), (8, 7, 8), (9, 6, 8), (11, 7, 8), (20, 7, 8);

INSERT INTO identitystore_client_application (name, code) VALUES
('Test Application 1', 'APP1'),
('Test Application 2', 'APP2');

INSERT INTO identitystore_service_contract(id_client_app, name, organizational_entity, responsible_name, contact_name, service_type, starting_date, ending_date, authorized_read, authorized_merge, authorized_deletion, authorized_search, authorized_import, authorized_export, is_application_authorized_to_delete_value, is_application_authorized_to_delete_certificate) VALUES
(1, 'Test Application 1 Contract 1', 'Fictive SA', 'My Application Responsible', 'My Application Contact', 'BO Lutèce', '2000-08-10', null, 1, 1, 1, 1, 1, 1, 1, 1),
(2, 'Test Application 2 Contract 1', 'Fictive SA', 'My Application Responsible', 'My Application Contact', 'FO Lutèce', '2000-08-10', null, 1, 0, 1, 1, 1, 1, 1, 1);

INSERT INTO identitystore_attribute_right(id_service_contract, id_attribute, searchable, readable, writable) VALUES
(1, 1, 1, 1, 1),
(1, 2, 1, 1, 1),
(1, 3, 1, 1, 1),
(1, 11, 1, 1, 1),
(2, 1, 1, 1, 1),
(2, 2, 0, 1, 1),
(2, 3, 1, 1, 1),
(2, 11, 1, 1, 1);

INSERT INTO identitystore_attribute_requirement(id_service_contract, id_attribute, id_ref_certification_level) VALUES
(1,1,4),
(1,2,1),
(1,3,1),
(1,4,7),
(1,5,1),
(1,6,1),
(1,7,1),
(1,8,1),
(1,9,1),
(1,10,1),
(1,11,1),
(1,12,1),
(1,13,1),
(1,14,1),
(1,15,1),
(1,16,1),
(1,17,1),
(1,18,1),
(1,19,1),
(1,20,1),
(1,21,1),
(1,22,3),
(1,23,3),
(1,24,3),
(1,25,3),
(1,26,3),
(1,27,3),
(1,28,3),
(1,29,3),
(1,30,3),
(1,31,3),
(1,32,3),
(1,33,3),
(1,34,3),
(1,35,3),
(1,36,3),
(1,37,3),
(1,38,3),
(1,39,3),
(2,1,3),
(2,2,4),
(2,3,4),
(2,4,4),
(2,5,4),
(2,6,3),
(2,7,3),
(2,8,3),
(2,9,3),
(2,10,5),
(2,11,5),
(2,12,5),
(2,13,5),
(2,14,5),
(2,15,5),
(2,16,5),
(2,17,5),
(2,18,5),
(2,19,5),
(2,20,5),
(2,21,5),
(2,22,5),
(2,23,5),
(2,24,5),
(2,25,5),
(2,26,5),
(2,27,5),
(2,28,5),
(2,29,5),
(2,30,5),
(2,31,1),
(2,32,1),
(2,33,1),
(2,34,1),
(2,35,1),
(2,36,1),
(2,37,1),
(2,38,1),
(2,39,1);

INSERT INTO identitystore_attribute_certification(id_service_contract, id_attribute, id_ref_attribute_certification_processus) VALUES
(1,1,1),
(1,1,2),
(1,1,3),
(1,2,8),
(1,3,1),
(1,4,1),
(2,1,1);

INSERT INTO identitystore_identity (connection_id, customer_id, is_deleted, date_delete, is_merged, date_merge) VALUES
('azerty', '3F2504E0-4F89-11D3-9A0C-0305E82C3301', 0, null, 0, null),
('qwerty', '3F2504E7-4FF9-AD55-6F05-AD5016585452', 0, null, 0, null);

INSERT INTO identitystore_identity_attribute(id_identity,id_attribute,attribute_value,id_certification) VALUES
(1, 1, 'Doe', 1),
(1, 3, 'Joe', 2),
(1, 4, '11/10/1970', 3),
(1, 9, 'john.doe@gmail.com', 4),
(1, 11, 'M', 5),
(1, 12, '0623457896', 6),
(1, 13, '0123457896', 7),
(1, 14, '8 Bis Rue de Rennes', 8),
(1, 15, 'Escalier B', 9),
(1, 16, '75018', 10),
(1, 17, 'Paris', 11),
(2, 1, 'Michel', 12),
(2, 3, 'Georges', 13),
(2, 4, '11/10/1945', 14),
(2, 9, 'gmichel74@gmail.com', 15),
(2, 11, 'M', 16),
(2, 12, '0612584965', 17),
(2, 13, '0188548652', 18),
(2, 14, '247 avenu du littoral', 19),
(2, 16, '74582', 20),
(2, 17, 'Bonneville', 21);

INSERT INTO identitystore_attribute_certificate(certifier_code, certificate_date, certificate_level, expiration_date) VALUES
('APP1', now(), 300, null),
('APP1', now(), 600, null),
('APP2', now(), 600, null),
('APP1', now(), 0, null),
('APP1', now(), 400, null),
('APP1', now(), 0, null),
('APP2', now(), 300, null),
('APP1', now(), 700, null),
('APP1', now(), 600, null),
('APP2', now(), 400, null),
('APP2', now(), 400, null),
('APP2', now(), 400, null),
('APP2', now(), 400, null),
('APP2', now(), 400, null),
('APP2', now(), 400, null),
('APP2', now(), 400, null),
('APP2', now(), 400, null),
('APP2', now(), 400, null),
('APP1', now(), 600, null),
('APP1', now(), 600, null),
('APP1', now(), 600, null);